image,company,model
0744907,Boeing,767
2026733,Boeing,767
1935709,Boeing,767
0487319,Boeing,767
1798594,Boeing,767
0147029,Boeing,767
0658065,Boeing,767
0237109,Boeing,767
0907375,Boeing,767
0955450,Boeing,767
0115066,Boeing,767
0457808,Boeing,767
1736099,Boeing,767
0311183,Boeing,767
1375367,Boeing,767
0529781,Boeing,767
0063055,Boeing,767
0730739,Boeing,767
1355824,Boeing,767
0476348,Boeing,767
1292174,Boeing,767
1355224,Boeing,767
1318171,Boeing,767
1564408,Boeing,767
0187247,Boeing,767
1230274,Boeing,767
1381995,Boeing,767
0894313,Boeing,767
1564822,Boeing,767
0907407,Boeing,767
0490174,Boeing,767
2221715,Boeing,767
0204622,Boeing,767
0492495,Boeing,767
0127496,Boeing,767
1876024,Boeing,767
0901358,Boeing,767
0939563,Boeing,767
0570746,Boeing,767
1191062,Boeing,767
1112644,Boeing,767
1313184,Boeing,767
1662018,Boeing,767
1561406,Boeing,767
2066993,Boeing,767
1530082,Boeing,767
1856979,Boeing,767
1665263,Boeing,767
1876023,Boeing,767
0783932,Boeing,767
0985425,Boeing,767
0558232,Boeing,767
1634276,Boeing,767
0367941,Boeing,767
1992339,Boeing,767
1366758,Boeing,767
2101703,Boeing,767
0256997,Boeing,767
0066423,Boeing,767
1146228,Boeing,767
0851325,Boeing,767
1474094,Boeing,767
0863693,Boeing,767
1364162,Boeing,767
1053316,Boeing,767
1298911,Boeing,767
1636534,Boeing,767
0985290,Boeing,767
2243382,Boeing,767
0127032,Boeing,767
0176131,Boeing,767
1506812,Boeing,767
2026511,Boeing,767
0467448,Boeing,767
2024757,Boeing,767
2131508,Boeing,767
2171175,Boeing,767
1232270,Boeing,767
1363578,Boeing,767
1349689,Boeing,767
1906071,Boeing,767
2082475,Boeing,767
1635235,Boeing,767
0255294,Boeing,767
1861593,Boeing,767
1539768,Boeing,767
1520426,Boeing,767
1127995,Boeing,767
0225221,Boeing,767
1271552,Boeing,767
0981955,Boeing,767
0087248,Boeing,767
0940358,Boeing,767
2259027,Boeing,767
2021838,Boeing,767
0905077,Boeing,767
0867007,Boeing,767
2054456,Boeing,767
2209439,Boeing,767
0097107,Boeing,767